id,winner_model_a,winner_model_b,winner_tie
136060,0.04799319,0.80780745,0.14419933
211333,0.045727335,0.77460897,0.17966363
1233961,0.15825094,0.46910888,0.37264016
